OUR BARCODE,SKU,LOCATION,BARCODE,,
LP15937,W10185982,29-E,"LP15937, W10185982, 08582000269",,Sample for LP15937
LP10065,12001991,01-D,"LP10065, 12001991, 8582014177",,
LP10076,12002225,01-F,"LP10076, 12002225, 8582017471",,
LP10073,12002193,01-G,"LP10073, 12002193, 8582016373",,
LP10050,12001541,03-C,"LP10050, 12001541, 8582011249",,
LP10056,12001676,04-D,"LP10056, 12001676, 8582012347",,
LP10057,12001677,04-G,"LP10057, 12001677, 8582012713",,
LP10048,12001414,05-A,"LP10048, 12001414, 8582010883",,
LP10003,282,06-H,"LP10003, 282, 8582001367",,
LP10010,10022,06-H,"LP10010, 10022, 8582003929",,
LP10064,12001937,08-C,"LP10064, 12001937, 8582013811",,
LP10028,70197-1,08-E,"LP10028, 70197-1, 8582007223",,
LP10004,292,09-C,"LP10004, 292, 8582001733",,
LP10051,12001561,09-D,"LP10051, 12001561, 8582011615",,
LP10032,131527400,10-D,"LP10032, 131527400, 8582007955",,
LP10043,11QBP0530,10-F,"LP10043, 11QBP0530, 8582009785",,
LP10072,22004209,11-A,"LP10072, 22004209, 8582016007",,
LP10001,279,11-C,"LP10001, 279, , 8582000635",,
LP10005,708,15-F,"LP10005, 708, 8582002099",,
LP10061,12001788,16-B,"LP10061, 12001788, 8582013079",,
LP10068,12002121,16-E,"LP10068, 12002121, 8582014543",,
LP10069,12002125,16-G,"LP10069, 12002125, 8582014909",,
LP10033,4359331,17-B,"LP10033, 4359331, 8582008321",,
LP10008,12002535,17-H,"LP10008, 12002535, 8582003197",,
LP10022,10450603,31-C,"LP10022, 10450603, 8582006125",,
LP10070,12002126,32-I,"LP10070, 12002126, 8582015275",,
LP10019,104166,33-F,"LP10019, 104166, 8582005759",,
LP10007,12001908,34-J,"LP10007, 12001908, 8582002831",,
LP10045,12000034,37-G,"LP10045, 12000034, 8582010151",,
LP10027,10QBP0228,40-D,"LP10027, 10QBP0228, 8582006857",,
LP10047,12001187,44-E,"LP10047, 12001187, 8582010517",,
LP10012,100429,44-I,"LP10012, 100429, 8582004661",,
LP10036,1118894,47-C,"LP10036, 1118894, 8582008687",,
LP10024,10461901,47-D,"LP10024, 10461901, 8582006491",,
LP10002,280,49-E,"LP10002, 280, 8582001001",,
LP10038,1123394,50-K,"LP10038, 1123394, 8582009053",,
LP10009,4025,53-J,"LP10009, 4025, 8582003563",,
LP10015,101539,54-B,"LP10015, 101539, 8582005027",,
LP10011,12400035,61-B,"LP10011, 12400035, 8582004295",,
LP10062,12001892,61-C,"LP10062, 12001892, 12001892, 8582013445",,
LP10074,12002211,69-G,"LP10074, 12002211, 8582016739",,
LP10006,12001596,72-C,"LP10006, 12001596, 8582002465",,
LP10016,1026,72-F,"LP10016, 1026, 8582005393",,
LP10071,12002141,91-A,"LP10071, 12002141, 8582015641",,
LP10039,1126,91-D,"LP10039, 1126, 8582009419",,
LP10055,12001661,94-A,"LP10055, 12001661, 8582011981",,
LP10075,12002213,94-F,"LP10075, 12002213, 8582017105",,
LP10029,10QBP0230,96-E,"LP10029, 10QBP0230, 8582007589",,
